{
    "open": {
        "mean": 34384.73931665229,
        "std": 21137.926108276515
    },
    "high": {
        "mean": 34542.395082398616,
        "std": 21230.608658339017
    },
    "low": {
        "mean": 34220.54856945643,
        "std": 21041.371444415367
    },
    "close": {
        "mean": 34386.579407031924,
        "std": 21139.53338506873
    },
    "volume": {
        "mean": 14805.170196764453,
        "std": 16493.986488946593
    },
    "hour": {
        "mean": 11.49939603106126,
        "std": 6.922275726182431
    },
    "day_of_week": {
        "mean": 3.0029119930974977,
        "std": 1.9997983401044073
    },
    "month": {
        "mean": 6.731686798964625,
        "std": 3.4831641934046003
    },
    "avg_100_candles": {
        "mean": 68576.7631492321,
        "std": 42047.16645347057
    },
    "std": {
        "mean": 1555.9975052151867,
        "std": 1415.4570214842693
    },
    "ema_20": {
        "mean": 34368.87046727334,
        "std": 21115.649245529035
    },
    "ema_100": {
        "mean": 34292.317599090784,
        "std": 21010.53145012747
    },
    "rsi_20": {
        "mean": 50.76282792618686,
        "std": 10.622034485851161
    },
    "macd_line": {
        "mean": 13.115168045020136,
        "std": 292.5159115766332
    },
    "macd_signal": {
        "mean": 13.138638620758483,
        "std": 275.4784311907821
    },
    "bollinger_upper": {
        "mean": 35019.22171384842,
        "std": 21514.7731656436
    },
    "bollinger_lower": {
        "mean": 33718.5890506037,
        "std": 20737.162048102604
    },
    "bollinger_bandwidth": {
        "mean": 3.7378466159186376,
        "std": 3.2654511927569945
    },
    "volume_100": {
        "mean": 1479504.3519127266,
        "std": 810684.0470629516
    },
    "next_open": {
        "mean": 34386.57363891286,
        "std": 21139.525913417147
    },
    "next_high": {
        "mean": 34544.23806233822,
        "std": 21232.217847577114
    },
    "next_low": {
        "mean": 34222.37910763589,
        "std": 21042.98184346371
    },
    "next_close": {
        "mean": 34388.42099611735,
        "std": 21141.15556571843
    }
}